PLAYER_ID,FGA,season
1713,278.0,2017-18
1717,753.0,2017-18
1891,153.0,2017-18
1938,473.0,2017-18
2037,771.0,2017-18
2199,181.0,2017-18
2200,608.0,2017-18
2207,374.0,2017-18
2210,26.0,2017-18
2216,723.0,2017-18
2225,402.0,2017-18
2403,234.0,2017-18
2544,2006.0,2017-18
2546,1151.0,2017-18
2548,716.0,2017-18
2555,16.0,2017-18
2561,411.0,2017-18
2570,1.0,2017-18
2585,234.0,2017-18
2594,603.0,2017-18
2617,15.0,2017-18
2730,832.0,2017-18
2731,85.0,2017-18
2733,434.0,2017-18
2734,423.0,2017-18
2736,2.0,2017-18
2738,387.0,2017-18
2744,189.0,2017-18
2746,4.0,2017-18
2747,773.0,2017-18
2749,235.0,2017-18
2754,80.0,2017-18
2772,764.0,2017-18
2863,39.0,2017-18
101106,24.0,2017-18
101107,540.0,2017-18
101108,1035.0,2017-18
101109,541.0,2017-18
101112,208.0,2017-18
101123,498.0,2017-18
101127,418.0,2017-18
101133,234.0,2017-18
101139,644.0,2017-18
101141,667.0,2017-18
101150,1242.0,2017-18
101161,253.0,2017-18
101162,542.0,2017-18
101181,203.0,2017-18
200746,1376.0,2017-18
200752,575.0,2017-18
200755,966.0,2017-18
200757,221.0,2017-18
200765,552.0,2017-18
200768,1007.0,2017-18
200782,525.0,2017-18
200794,400.0,2017-18
200826,666.0,2017-18
201142,1599.0,2017-18
201143,891.0,2017-18
201144,160.0,2017-18
201145,716.0,2017-18
201147,315.0,2017-18
201148,95.0,2017-18
201149,10.0,2017-18
201152,859.0,2017-18
201156,531.0,2017-18
201158,834.0,2017-18
201160,104.0,2017-18
201162,117.0,2017-18
201163,608.0,2017-18
201166,68.0,2017-18
201167,154.0,2017-18
201177,1.0,2017-18
201188,985.0,2017-18
201196,107.0,2017-18
201229,458.0,2017-18
201281,17.0,2017-18
201563,739.0,2017-18
201565,221.0,2017-18
201566,1711.0,2017-18
201567,935.0,2017-18
201568,241.0,2017-18
201569,1122.0,2017-18
201571,493.0,2017-18
201572,752.0,2017-18
201573,242.0,2017-18
201577,612.0,2017-18
201578,340.0,2017-18
201580,266.0,2017-18
201583,484.0,2017-18
201584,713.0,2017-18
201585,361.0,2017-18
201586,820.0,2017-18
201587,637.0,2017-18
201588,617.0,2017-18
201589,45.0,2017-18
201596,411.0,2017-18
201599,530.0,2017-18
201600,18.0,2017-18
201601,349.0,2017-18
201609,1074.0,2017-18
201628,56.0,2017-18
201933,950.0,2017-18
201935,1711.0,2017-18
201936,744.0,2017-18
201937,860.0,2017-18
201939,1127.0,2017-18
201942,1523.0,2017-18
201943,72.0,2017-18
201949,614.0,2017-18
201950,1349.0,2017-18
201951,22.0,2017-18
201952,794.0,2017-18
201954,666.0,2017-18
201956,195.0,2017-18
201959,700.0,2017-18
201960,712.0,2017-18
201961,712.0,2017-18
201967,341.0,2017-18
201973,342.0,2017-18
201975,366.0,2017-18
201976,115.0,2017-18
201980,572.0,2017-18
201988,724.0,2017-18
202066,457.0,2017-18
202083,672.0,2017-18
202322,741.0,2017-18
202323,589.0,2017-18
202324,724.0,2017-18
202325,358.0,2017-18
202326,804.0,2017-18
202327,109.0,2017-18
202328,381.0,2017-18
202329,615.0,2017-18
202330,2.0,2017-18
202331,1377.0,2017-18
202332,14.0,2017-18
202334,267.0,2017-18
202335,256.0,2017-18
202337,197.0,2017-18
202339,1025.0,2017-18
202340,570.0,2017-18
202344,323.0,2017-18
202347,45.0,2017-18
202348,38.0,2017-18
202355,544.0,2017-18
202357,364.0,2017-18
202362,738.0,2017-18
202379,1.0,2017-18
202389,84.0,2017-18
202391,11.0,2017-18
202397,753.0,2017-18
202498,246.0,2017-18
202681,992.0,2017-18
202682,2.0,2017-18
202683,640.0,2017-18
202684,291.0,2017-18
202685,739.0,2017-18
202687,308.0,2017-18
202689,1274.0,2017-18
202691,1474.0,2017-18
202692,448.0,2017-18
202693,703.0,2017-18
202694,774.0,2017-18
202695,106.0,2017-18
202696,803.0,2017-18
202697,55.0,2017-18
202699,1139.0,2017-18
202702,136.0,2017-18
202703,760.0,2017-18
202704,550.0,2017-18
202705,98.0,2017-18
202709,606.0,2017-18
202710,935.0,2017-18
202711,861.0,2017-18
202713,11.0,2017-18
202714,388.0,2017-18
202718,224.0,2017-18
202720,33.0,2017-18
202722,377.0,2017-18
202732,95.0,2017-18
202734,874.0,2017-18
202738,365.0,2017-18
202779,173.0,2017-18
202918,3.0,2017-18
202933,12.0,2017-18
203076,1615.0,2017-18
203077,508.0,2017-18
203078,1521.0,2017-18
203079,381.0,2017-18
203081,1389.0,2017-18
203082,181.0,2017-18
203083,820.0,2017-18
203084,1158.0,2017-18
203085,738.0,2017-18
203086,82.0,2017-18
203087,797.0,2017-18
203089,481.0,2017-18
203090,293.0,2017-18
203092,288.0,2017-18
203095,756.0,2017-18
203101,165.0,2017-18
203104,16.0,2017-18
203107,370.0,2017-18
203109,737.0,2017-18
203110,763.0,2017-18
203112,340.0,2017-18
203114,1306.0,2017-18
203115,948.0,2017-18
203118,540.0,2017-18
203121,506.0,2017-18
203124,338.0,2017-18
203141,51.0,2017-18
203145,632.0,2017-18
203186,107.0,2017-18
203200,752.0,2017-18
203210,446.0,2017-18
203382,483.0,2017-18
203457,96.0,2017-18
203458,335.0,2017-18
203459,776.0,2017-18
203460,140.0,2017-18
203463,355.0,2017-18
203464,121.0,2017-18
203468,1476.0,2017-18
203469,135.0,2017-18
203471,1015.0,2017-18
203473,458.0,2017-18
203476,376.0,2017-18
203477,125.0,2017-18
203481,15.0,2017-18
203482,629.0,2017-18
203484,766.0,2017-18
203485,43.0,2017-18
203486,338.0,2017-18
203487,219.0,2017-18
203488,302.0,2017-18
203489,5.0,2017-18
203490,901.0,2017-18
203493,514.0,2017-18
203496,867.0,2017-18
203497,464.0,2017-18
203498,191.0,2017-18
203499,228.0,2017-18
203500,691.0,2017-18
203501,804.0,2017-18
203503,422.0,2017-18
203504,374.0,2017-18
203505,5.0,2017-18
203506,1370.0,2017-18
203507,1406.0,2017-18
203512,76.0,2017-18
203516,360.0,2017-18
203518,290.0,2017-18
203521,154.0,2017-18
203524,60.0,2017-18
203526,155.0,2017-18
203530,171.0,2017-18
203546,522.0,2017-18
203580,24.0,2017-18
203584,559.0,2017-18
203585,74.0,2017-18
203613,702.0,2017-18
203687,2.0,2017-18
203705,43.0,2017-18
203710,186.0,2017-18
203816,1.0,2017-18
203894,508.0,2017-18
203897,312.0,2017-18
203898,201.0,2017-18
203900,7.0,2017-18
203901,612.0,2017-18
203903,1017.0,2017-18
203914,857.0,2017-18
203915,768.0,2017-18
203917,149.0,2017-18
203918,814.0,2017-18
203920,117.0,2017-18
203922,81.0,2017-18
203923,14.0,2017-18
203924,434.0,2017-18
203925,568.0,2017-18
203926,473.0,2017-18
203930,277.0,2017-18
203932,815.0,2017-18
203933,1009.0,2017-18
203935,610.0,2017-18
203937,425.0,2017-18
203939,404.0,2017-18
203940,10.0,2017-18
203943,207.0,2017-18
203944,788.0,2017-18
203948,164.0,2017-18
203949,7.0,2017-18
203952,1301.0,2017-18
203953,369.0,2017-18
203954,1091.0,2017-18
203957,121.0,2017-18
203960,75.0,2017-18
203961,112.0,2017-18
203962,172.0,2017-18
203966,79.0,2017-18
203967,944.0,2017-18
203991,745.0,2017-18
203992,736.0,2017-18
203994,911.0,2017-18
203998,30.0,2017-18
203999,951.0,2017-18
204001,846.0,2017-18
204020,685.0,2017-18
204022,22.0,2017-18
204025,158.0,2017-18
204028,120.0,2017-18
204037,66.0,2017-18
204038,331.0,2017-18
204060,813.0,2017-18
204065,6.0,2017-18
204066,57.0,2017-18
204067,2.0,2017-18
204098,6.0,2017-18
204179,20.0,2017-18
204456,417.0,2017-18
1626143,124.0,2017-18
1626144,474.0,2017-18
1626145,315.0,2017-18
1626147,194.0,2017-18
1626148,1.0,2017-18
1626149,502.0,2017-18
1626150,400.0,2017-18
1626151,69.0,2017-18
1626153,471.0,2017-18
1626154,20.0,2017-18
1626155,240.0,2017-18
1626156,649.0,2017-18
1626157,1160.0,2017-18
1626158,223.0,2017-18
1626159,479.0,2017-18
1626161,704.0,2017-18
1626162,770.0,2017-18
1626163,677.0,2017-18
1626164,993.0,2017-18
1626166,183.0,2017-18
1626167,665.0,2017-18
1626168,520.0,2017-18
1626169,523.0,2017-18
1626170,487.0,2017-18
1626171,735.0,2017-18
1626172,238.0,2017-18
1626173,54.0,2017-18
1626175,76.0,2017-18
1626177,33.0,2017-18
1626178,640.0,2017-18
1626179,1001.0,2017-18
1626181,363.0,2017-18
1626185,454.0,2017-18
1626188,299.0,2017-18
1626191,41.0,2017-18
1626192,380.0,2017-18
1626195,150.0,2017-18
1626196,878.0,2017-18
1626199,17.0,2017-18
1626202,175.0,2017-18
1626203,208.0,2017-18
1626204,451.0,2017-18
1626205,5.0,2017-18
1626209,583.0,2017-18
1626210,15.0,2017-18
1626220,314.0,2017-18
1626224,200.0,2017-18
1626242,1.0,2017-18
1626245,189.0,2017-18
1626246,131.0,2017-18
1626257,122.0,2017-18
1626259,28.0,2017-18
1626643,2.0,2017-18
1626780,23.0,2017-18
1627098,263.0,2017-18
1627215,6.0,2017-18
1627362,40.0,2017-18
1627732,1054.0,2017-18
1627733,460.0,2017-18
1627734,673.0,2017-18
1627735,23.0,2017-18
1627736,166.0,2017-18
1627737,435.0,2017-18
1627738,255.0,2017-18
1627739,621.0,2017-18
1627740,143.0,2017-18
1627741,878.0,2017-18
1627742,702.0,2017-18
1627743,15.0,2017-18
1627744,38.0,2017-18
1627745,21.0,2017-18
1627746,433.0,2017-18
1627747,667.0,2017-18
1627748,318.0,2017-18
1627749,592.0,2017-18
1627750,995.0,2017-18
1627751,379.0,2017-18
1627752,905.0,2017-18
1627753,31.0,2017-18
1627755,509.0,2017-18
1627756,687.0,2017-18
1627758,53.0,2017-18
1627759,953.0,2017-18
1627761,117.0,2017-18
1627762,5.0,2017-18
1627763,503.0,2017-18
1627767,165.0,2017-18
1627770,66.0,2017-18
1627772,10.0,2017-18
1627774,49.0,2017-18
1627775,208.0,2017-18
1627777,10.0,2017-18
1627778,5.0,2017-18
1627779,13.0,2017-18
1627780,70.0,2017-18
1627781,82.0,2017-18
1627782,249.0,2017-18
1627783,506.0,2017-18
1627785,73.0,2017-18
1627786,102.0,2017-18
1627788,28.0,2017-18
1627789,246.0,2017-18
1627790,74.0,2017-18
1627812,698.0,2017-18
1627814,139.0,2017-18
1627816,26.0,2017-18
1627817,3.0,2017-18
1627819,357.0,2017-18
1627820,211.0,2017-18
1627821,24.0,2017-18
1627823,65.0,2017-18
1627824,66.0,2017-18
1627826,108.0,2017-18
1627827,113.0,2017-18
1627832,534.0,2017-18
1627834,40.0,2017-18
1627835,220.0,2017-18
1627846,153.0,2017-18
1627850,1.0,2017-18
1627851,1.0,2017-18
1627852,2.0,2017-18
1627853,41.0,2017-18
1627854,494.0,2017-18
1627855,15.0,2017-18
1627856,4.0,2017-18
1627858,86.0,2017-18
1627863,117.0,2017-18
1627866,10.0,2017-18
1627875,47.0,2017-18
1627883,59.0,2017-18
1627884,49.0,2017-18
1627885,106.0,2017-18
1627936,108.0,2017-18
1627982,35.0,2017-18
1627988,102.0,2017-18
1628021,363.0,2017-18
1628035,15.0,2017-18
1628365,100.0,2017-18
1628366,510.0,2017-18
1628367,850.0,2017-18
1628368,733.0,2017-18
1628369,991.0,2017-18
1628370,412.0,2017-18
1628371,138.0,2017-18
1628372,924.0,2017-18
1628373,477.0,2017-18
1628374,812.0,2017-18
1628378,1498.0,2017-18
1628379,443.0,2017-18
1628380,296.0,2017-18
1628381,490.0,2017-18
1628382,404.0,2017-18
1628383,2.0,2017-18
1628384,370.0,2017-18
1628386,353.0,2017-18
1628387,7.0,2017-18
1628388,131.0,2017-18
1628389,323.0,2017-18
1628390,159.0,2017-18
1628391,16.0,2017-18
1628393,223.0,2017-18
1628395,197.0,2017-18
1628396,12.0,2017-18
1628397,140.0,2017-18
1628398,976.0,2017-18
1628400,204.0,2017-18
1628401,37.0,2017-18
1628403,58.0,2017-18
1628404,354.0,2017-18
1628405,68.0,2017-18
1628407,188.0,2017-18
1628408,2.0,2017-18
1628409,74.0,2017-18
1628410,1.0,2017-18
1628411,196.0,2017-18
1628412,351.0,2017-18
1628414,196.0,2017-18
1628415,718.0,2017-18
1628416,352.0,2017-18
1628418,21.0,2017-18
1628420,6.0,2017-18
1628421,2.0,2017-18
1628422,157.0,2017-18
1628424,176.0,2017-18
1628425,189.0,2017-18
1628429,13.0,2017-18
1628432,69.0,2017-18
1628436,122.0,2017-18
1628439,63.0,2017-18
1628443,21.0,2017-18
1628444,24.0,2017-18
1628449,1.0,2017-18
1628451,4.0,2017-18
1628455,299.0,2017-18
1628462,343.0,2017-18
1628463,139.0,2017-18
1628464,213.0,2017-18
1628467,294.0,2017-18
1628469,124.0,2017-18
1628470,123.0,2017-18
1628475,6.0,2017-18
1628476,24.0,2017-18
1628492,18.0,2017-18
1628493,7.0,2017-18
1628495,42.0,2017-18
1628499,20.0,2017-18
1628502,33.0,2017-18
1628503,74.0,2017-18
1628504,36.0,2017-18
1628506,12.0,2017-18
1628510,67.0,2017-18
1628513,1.0,2017-18
1628537,26.0,2017-18
1628571,1.0,2017-18
1628681,103.0,2017-18
1628935,13.0,2017-18
1713,468.0,2018-19
1717,376.0,2018-19
2037,438.0,2018-19
2199,99.0,2018-19
2200,94.0,2018-19
2225,463.0,2018-19
2403,126.0,2018-19
2544,1095.0,2018-19
2546,121.0,2018-19
2548,958.0,2018-19
2585,199.0,2018-19
2594,479.0,2018-19
2617,33.0,2018-19
2730,68.0,2018-19
2733,284.0,2018-19
2734,347.0,2018-19
2736,118.0,2018-19
2738,468.0,2018-19
2747,79.0,2018-19
2772,725.0,2018-19
101106,67.0,2018-19
101107,652.0,2018-19
101108,865.0,2018-19
101109,148.0,2018-19
101112,116.0,2018-19
101123,616.0,2018-19
101133,105.0,2018-19
101139,309.0,2018-19
101141,463.0,2018-19
101150,1241.0,2018-19
101161,161.0,2018-19
101162,186.0,2018-19
101181,120.0,2018-19
200746,1439.0,2018-19
200752,814.0,2018-19
200755,1138.0,2018-19
200757,160.0,2018-19
200765,432.0,2018-19
200768,1017.0,2018-19
200782,611.0,2018-19
200794,819.0,2018-19
200826,385.0,2018-19
201142,1617.0,2018-19
201143,833.0,2018-19
201144,1120.0,2018-19
201145,682.0,2018-19
201147,123.0,2018-19
201149,213.0,2018-19
201152,883.0,2018-19
201156,9.0,2018-19
201158,728.0,2018-19
201160,59.0,2018-19
201162,250.0,2018-19
201163,285.0,2018-19
201188,1049.0,2018-19
201229,259.0,2018-19
201281,6.0,2018-19
201563,153.0,2018-19
201565,753.0,2018-19
201566,1561.0,2018-19
201567,283.0,2018-19
201568,993.0,2018-19
201569,1087.0,2018-19
201571,702.0,2018-19
201572,917.0,2018-19
201573,230.0,2018-19
201577,528.0,2018-19
201580,638.0,2018-19
201583,69.0,2018-19
201584,129.0,2018-19
201585,153.0,2018-19
201586,1067.0,2018-19
201587,560.0,2018-19
201588,493.0,2018-19
201599,445.0,2018-19
201601,18.0,2018-19
201609,432.0,2018-19
201933,1380.0,2018-19
201935,2170.0,2018-19
201936,708.0,2018-19
201937,770.0,2018-19
201939,1750.0,2018-19
201942,1431.0,2018-19
201949,379.0,2018-19
201950,1159.0,2018-19
201952,416.0,2018-19
201954,704.0,2018-19
201956,161.0,2018-19
201959,538.0,2018-19
201960,611.0,2018-19
201961,492.0,2018-19
201967,161.0,2018-19
201973,395.0,2018-19
201975,68.0,2018-19
201976,522.0,2018-19
201980,785.0,2018-19
201988,706.0,2018-19
202066,503.0,2018-19
202083,729.0,2018-19
202322,552.0,2018-19
202323,487.0,2018-19
202324,636.0,2018-19
202325,128.0,2018-19
202326,416.0,2018-19
202327,72.0,2018-19
202328,229.0,2018-19
202329,696.0,2018-19
202330,705.0,2018-19
202331,1694.0,2018-19
202334,312.0,2018-19
202335,217.0,2018-19
202339,1157.0,2018-19
202340,608.0,2018-19
202347,60.0,2018-19
202355,680.0,2018-19
202357,590.0,2018-19
202362,432.0,2018-19
202391,550.0,2018-19
202397,528.0,2018-19
202498,197.0,2018-19
202681,1420.0,2018-19
202683,813.0,2018-19
202684,372.0,2018-19
202685,537.0,2018-19
202687,156.0,2018-19
202688,253.0,2018-19
202689,1682.0,2018-19
202690,29.0,2018-19
202691,1743.0,2018-19
202692,474.0,2018-19
202693,497.0,2018-19
202694,923.0,2018-19
202695,1625.0,2018-19
202696,1374.0,2018-19
202697,472.0,2018-19
202699,1418.0,2018-19
202700,16.0,2018-19
202702,278.0,2018-19
202703,658.0,2018-19
202704,1112.0,2018-19
202705,169.0,2018-19
202709,572.0,2018-19
202710,1061.0,2018-19
202711,1113.0,2018-19
202714,403.0,2018-19
202718,181.0,2018-19
202720,116.0,2018-19
202722,468.0,2018-19
202734,532.0,2018-19
202738,97.0,2018-19
202954,112.0,2018-19
203076,1026.0,2018-19
203077,332.0,2018-19
203078,1560.0,2018-19
203079,479.0,2018-19
203081,1855.0,2018-19
203082,1062.0,2018-19
203083,1104.0,2018-19
203084,1026.0,2018-19
203085,634.0,2018-19
203086,306.0,2018-19
203087,978.0,2018-19
203089,67.0,2018-19
203090,495.0,2018-19
203092,29.0,2018-19
203093,4.0,2018-19
203095,1107.0,2018-19
203098,105.0,2018-19
203101,48.0,2018-19
203107,519.0,2018-19
203109,829.0,2018-19
203110,638.0,2018-19
203112,18.0,2018-19
203114,1349.0,2018-19
203115,588.0,2018-19
203118,467.0,2018-19
203121,484.0,2018-19
203124,135.0,2018-19
203145,691.0,2018-19
203159,6.0,2018-19
203200,765.0,2018-19
203210,519.0,2018-19
203263,34.0,2018-19
203382,237.0,2018-19
203457,294.0,2018-19
203458,648.0,2018-19
203459,373.0,2018-19
203463,64.0,2018-19
203468,1586.0,2018-19
203469,345.0,2018-19
203471,1140.0,2018-19
203473,526.0,2018-19
203474,2.0,2018-19
203476,377.0,2018-19
203477,164.0,2018-19
203482,564.0,2018-19
203484,757.0,2018-19
203485,69.0,2018-19
203486,486.0,2018-19
203487,154.0,2018-19
203488,355.0,2018-19
203490,627.0,2018-19
203493,594.0,2018-19
203496,362.0,2018-19
203497,732.0,2018-19
203500,837.0,2018-19
203501,984.0,2018-19
203503,367.0,2018-19
203504,548.0,2018-19
203506,588.0,2018-19
203507,1507.0,2018-19
203516,358.0,2018-19
203518,157.0,2018-19
203521,242.0,2018-19
203524,178.0,2018-19
203526,166.0,2018-19
203546,383.0,2018-19
203552,547.0,2018-19
203564,1.0,2018-19
203584,275.0,2018-19
203585,463.0,2018-19
203613,369.0,2018-19
203710,35.0,2018-19
203894,446.0,2018-19
203895,126.0,2018-19
203897,1113.0,2018-19
203901,411.0,2018-19
203903,1168.0,2018-19
203914,787.0,2018-19
203915,890.0,2018-19
203917,337.0,2018-19
203918,781.0,2018-19
203920,168.0,2018-19
203922,190.0,2018-19
203924,853.0,2018-19
203925,791.0,2018-19
203926,433.0,2018-19
203932,1083.0,2018-19
203933,611.0,2018-19
203935,578.0,2018-19
203937,276.0,2018-19
203939,485.0,2018-19
203943,425.0,2018-19
203944,1088.0,2018-19
203952,1209.0,2018-19
203953,738.0,2018-19
203954,1338.0,2018-19
203957,237.0,2018-19
203960,53.0,2018-19
203961,9.0,2018-19
203967,696.0,2018-19
203991,811.0,2018-19
203992,863.0,2018-19
203994,826.0,2018-19
203998,225.0,2018-19
203999,1456.0,2018-19
204020,526.0,2018-19
204025,274.0,2018-19
204038,621.0,2018-19
204060,817.0,2018-19
204456,442.0,2018-19
1626143,362.0,2018-19
1626144,713.0,2018-19
1626145,446.0,2018-19
1626147,157.0,2018-19
1626149,951.0,2018-19
1626150,53.0,2018-19
1626153,556.0,2018-19
1626154,13.0,2018-19
1626155,245.0,2018-19
1626156,1619.0,2018-19
1626157,1315.0,2018-19
1626158,365.0,2018-19
1626159,749.0,2018-19
1626161,741.0,2018-19
1626162,841.0,2018-19
1626163,298.0,2018-19
1626164,1254.0,2018-19
1626166,223.0,2018-19
1626167,815.0,2018-19
1626168,492.0,2018-19
1626169,440.0,2018-19
1626170,225.0,2018-19
1626171,601.0,2018-19
1626172,437.0,2018-19
1626174,117.0,2018-19
1626178,520.0,2018-19
1626179,724.0,2018-19
1626181,525.0,2018-19
1626184,209.0,2018-19
1626185,113.0,2018-19
1626188,504.0,2018-19
1626192,426.0,2018-19
1626195,296.0,2018-19
1626196,1026.0,2018-19
1626203,201.0,2018-19
1626204,468.0,2018-19
1626209,456.0,2018-19
1626210,13.0,2018-19
1626220,385.0,2018-19
1626224,831.0,2018-19
1626245,178.0,2018-19
1626246,300.0,2018-19
1626257,112.0,2018-19
1626259,34.0,2018-19
1626296,1.0,2018-19
1627215,85.0,2018-19
1627395,48.0,2018-19
1627732,1065.0,2018-19
1627733,197.0,2018-19
1627734,731.0,2018-19
1627735,33.0,2018-19
1627736,829.0,2018-19
1627737,177.0,2018-19
1627738,22.0,2018-19
1627739,501.0,2018-19
1627740,95.0,2018-19
1627741,1360.0,2018-19
1627742,727.0,2018-19
1627743,15.0,2018-19
1627745,75.0,2018-19
1627746,53.0,2018-19
1627747,556.0,2018-19
1627748,294.0,2018-19
1627750,1422.0,2018-19
1627751,326.0,2018-19
1627752,594.0,2018-19
1627753,1.0,2018-19
1627758,20.0,2018-19
1627759,878.0,2018-19
1627761,616.0,2018-19
1627763,824.0,2018-19
1627767,270.0,2018-19
1627772,60.0,2018-19
1627774,431.0,2018-19
1627775,68.0,2018-19
1627777,203.0,2018-19
1627780,8.0,2018-19
1627781,29.0,2018-19
1627782,481.0,2018-19
1627783,1325.0,2018-19
1627786,98.0,2018-19
1627788,263.0,2018-19
1627789,217.0,2018-19
1627790,323.0,2018-19
1627812,351.0,2018-19
1627814,127.0,2018-19
1627816,81.0,2018-19
1627820,221.0,2018-19
1627823,316.0,2018-19
1627824,81.0,2018-19
1627826,397.0,2018-19
1627827,528.0,2018-19
1627832,764.0,2018-19
1627846,215.0,2018-19
1627853,412.0,2018-19
1627854,847.0,2018-19
1627855,2.0,2018-19
1627863,289.0,2018-19
1627883,62.0,2018-19
1627884,325.0,2018-19
1627885,424.0,2018-19
1627936,171.0,2018-19
1628021,259.0,2018-19
1628035,334.0,2018-19
1628070,18.0,2018-19
1628249,16.0,2018-19
1628365,155.0,2018-19
1628366,456.0,2018-19
1628367,840.0,2018-19
1628368,1099.0,2018-19
1628369,1148.0,2018-19
1628370,586.0,2018-19
1628371,639.0,2018-19
1628372,650.0,2018-19
1628373,272.0,2018-19
1628374,785.0,2018-19
1628378,1606.0,2018-19
1628379,567.0,2018-19
1628380,476.0,2018-19
1628381,831.0,2018-19
1628382,484.0,2018-19
1628383,7.0,2018-19
1628384,402.0,2018-19
1628385,348.0,2018-19
1628386,600.0,2018-19
1628387,3.0,2018-19
1628388,186.0,2018-19
1628389,486.0,2018-19
1628390,448.0,2018-19
1628391,265.0,2018-19
1628392,43.0,2018-19
1628393,14.0,2018-19
1628395,220.0,2018-19
1628396,16.0,2018-19
1628397,212.0,2018-19
1628398,1087.0,2018-19
1628399,18.0,2018-19
1628400,167.0,2018-19
1628401,618.0,2018-19
1628402,448.0,2018-19
1628403,53.0,2018-19
1628404,464.0,2018-19
1628405,73.0,2018-19
1628407,257.0,2018-19
1628408,21.0,2018-19
1628410,64.0,2018-19
1628411,292.0,2018-19
1628412,169.0,2018-19
1628413,179.0,2018-19
1628414,55.0,2018-19
1628415,122.0,2018-19
1628416,264.0,2018-19
1628417,107.0,2018-19
1628418,484.0,2018-19
1628420,785.0,2018-19
1628421,32.0,2018-19
1628422,689.0,2018-19
1628425,349.0,2018-19
1628432,12.0,2018-19
1628436,272.0,2018-19
1628439,8.0,2018-19
1628443,140.0,2018-19
1628449,81.0,2018-19
1628462,40.0,2018-19
1628463,10.0,2018-19
1628464,280.0,2018-19
1628467,386.0,2018-19
1628469,396.0,2018-19
1628470,430.0,2018-19
1628505,8.0,2018-19
1628513,20.0,2018-19
1628515,138.0,2018-19
1628518,16.0,2018-19
1628537,10.0,2018-19
1628605,12.0,2018-19
1628656,25.0,2018-19
1628769,3.0,2018-19
1628959,39.0,2018-19
1628960,185.0,2018-19
1628961,3.0,2018-19
1628963,704.0,2018-19
1628964,229.0,2018-19
1628966,142.0,2018-19
1628969,563.0,2018-19
1628970,511.0,2018-19
1628971,329.0,2018-19
1628972,226.0,2018-19
1628973,564.0,2018-19
1628975,185.0,2018-19
1628976,365.0,2018-19
1628977,164.0,2018-19
1628978,124.0,2018-19
1628979,3.0,2018-19
1628980,57.0,2018-19
1628982,26.0,2018-19
1628983,776.0,2018-19
1628984,216.0,2018-19
1628988,267.0,2018-19
1628989,658.0,2018-19
1628990,209.0,2018-19
1628991,590.0,2018-19
1628993,15.0,2018-19
1628995,899.0,2018-19
1628999,4.0,2018-19
1629001,256.0,2018-19
1629002,58.0,2018-19
1629003,87.0,2018-19
1629004,139.0,2018-19
1629006,508.0,2018-19
1629010,124.0,2018-19
1629011,286.0,2018-19
1629012,1189.0,2018-19
1629013,592.0,2018-19
1629014,70.0,2018-19
1629015,34.0,2018-19
1629016,244.0,2018-19
1629017,81.0,2018-19
1629018,50.0,2018-19
1629019,508.0,2018-19
1629020,18.0,2018-19
1629021,169.0,2018-19
1629022,54.0,2018-19
1629026,277.0,2018-19
1629027,1257.0,2018-19
1629028,870.0,2018-19
1629029,1187.0,2018-19
1629033,81.0,2018-19
1629034,47.0,2018-19
1629045,39.0,2018-19
1629053,4.0,2018-19
1629055,2.0,2018-19
1629057,53.0,2018-19
1629058,25.0,2018-19
1629059,290.0,2018-19
1629061,36.0,2018-19
1629066,469.0,2018-19
1629067,32.0,2018-19
1629093,1.0,2018-19
1629094,33.0,2018-19
1629102,60.0,2018-19
1629109,151.0,2018-19
1629116,5.0,2018-19
1629118,13.0,2018-19
1629121,110.0,2018-19
1629122,9.0,2018-19
1629123,38.0,2018-19
1629126,87.0,2018-19
1629130,46.0,2018-19
1629133,27.0,2018-19
1629139,51.0,2018-19
1629140,107.0,2018-19
1629147,3.0,2018-19
1629150,7.0,2018-19
1629151,127.0,2018-19
1629152,10.0,2018-19
1629155,1.0,2018-19
1629164,23.0,2018-19
1629168,18.0,2018-19
1629185,8.0,2018-19
1629203,32.0,2018-19
1629234,26.0,2018-19
1629244,78.0,2018-19
1629312,10.0,2018-19
1629353,21.0,2018-19
1629541,47.0,2018-19
1713,304.0,2019-20
2037,4.0,2019-20
2199,18.0,2019-20
2544,1678.0,2019-20
2546,833.0,2019-20
2594,334.0,2019-20
2617,11.0,2019-20
2730,331.0,2019-20
2738,151.0,2019-20
2747,48.0,2019-20
2772,313.0,2019-20
101107,300.0,2019-20
101108,999.0,2019-20
101133,211.0,2019-20
101139,59.0,2019-20
101141,315.0,2019-20
101150,1080.0,2019-20
200746,776.0,2019-20
200752,584.0,2019-20
200755,627.0,2019-20
200757,91.0,2019-20
200765,446.0,2019-20
200768,936.0,2019-20
200782,514.0,2019-20
200794,556.0,2019-20
200826,208.0,2019-20
201143,733.0,2019-20
201144,630.0,2019-20
201145,447.0,2019-20
201147,4.0,2019-20
201149,8.0,2019-20
201152,587.0,2019-20
201158,312.0,2019-20
201162,64.0,2019-20
201163,183.0,2019-20
201188,338.0,2019-20
201229,181.0,2019-20
201565,734.0,2019-20
201566,1419.0,2019-20
201567,727.0,2019-20
201568,896.0,2019-20
201569,639.0,2019-20
201571,508.0,2019-20
201572,772.0,2019-20
201577,301.0,2019-20
201580,337.0,2019-20
201583,7.0,2019-20
201584,79.0,2019-20
201586,770.0,2019-20
201587,73.0,2019-20
201588,432.0,2019-20
201599,284.0,2019-20
201601,5.0,2019-20
201609,972.0,2019-20
201933,234.0,2019-20
201935,1739.0,2019-20
201937,670.0,2019-20
201939,82.0,2019-20
201942,1031.0,2019-20
201949,214.0,2019-20
201950,984.0,2019-20
201952,490.0,2019-20
201959,285.0,2019-20
201960,67.0,2019-20
201961,174.0,2019-20
201976,378.0,2019-20
201980,641.0,2019-20
201988,574.0,2019-20
202066,634.0,2019-20
202083,475.0,2019-20
202323,67.0,2019-20
202324,319.0,2019-20
202329,86.0,2019-20
202330,750.0,2019-20
202331,1002.0,2019-20
202334,46.0,2019-20
202335,236.0,2019-20
202339,788.0,2019-20
202340,383.0,2019-20
202355,707.0,2019-20
202357,637.0,2019-20
202397,688.0,2019-20
202498,28.0,2019-20
202681,416.0,2019-20
202683,389.0,2019-20
202684,557.0,2019-20
202685,736.0,2019-20
202687,274.0,2019-20
202688,165.0,2019-20
202689,1145.0,2019-20
202692,816.0,2019-20
202693,548.0,2019-20
202694,921.0,2019-20
202695,1398.0,2019-20
202696,1144.0,2019-20
202697,64.0,2019-20
202699,1227.0,2019-20
202704,374.0,2019-20
202709,408.0,2019-20
202710,1049.0,2019-20
202711,933.0,2019-20
202718,18.0,2019-20
202722,607.0,2019-20
202734,430.0,2019-20
202738,426.0,2019-20
202951,22.0,2019-20
202954,422.0,2019-20
203076,1445.0,2019-20
203077,80.0,2019-20
203078,1292.0,2019-20
203079,111.0,2019-20
203081,1385.0,2019-20
203082,910.0,2019-20
203083,771.0,2019-20
203084,778.0,2019-20
203085,562.0,2019-20
203086,242.0,2019-20
203087,478.0,2019-20
203089,167.0,2019-20
203090,281.0,2019-20
203092,4.0,2019-20
203095,986.0,2019-20
203107,545.0,2019-20
203109,752.0,2019-20
203110,315.0,2019-20
203114,1113.0,2019-20
203115,738.0,2019-20
203118,353.0,2019-20
203124,85.0,2019-20
203145,521.0,2019-20
203200,504.0,2019-20
203210,407.0,2019-20
203382,368.0,2019-20
203457,286.0,2019-20
203458,306.0,2019-20
203459,177.0,2019-20
203460,30.0,2019-20
203463,585.0,2019-20
203468,1435.0,2019-20
203469,468.0,2019-20
203471,1075.0,2019-20
203473,252.0,2019-20
203476,364.0,2019-20
203482,488.0,2019-20
203484,689.0,2019-20
203486,326.0,2019-20
203487,259.0,2019-20
203488,191.0,2019-20
203490,140.0,2019-20
203493,224.0,2019-20
203496,818.0,2019-20
203497,629.0,2019-20
203500,528.0,2019-20
203501,958.0,2019-20
203503,375.0,2019-20
203504,268.0,2019-20
203506,299.0,2019-20
203507,1369.0,2019-20
203516,393.0,2019-20
203521,173.0,2019-20
203524,286.0,2019-20
203526,230.0,2019-20
203552,600.0,2019-20
203584,198.0,2019-20
203585,185.0,2019-20
203648,48.0,2019-20
203658,48.0,2019-20
203705,15.0,2019-20
203894,455.0,2019-20
203895,366.0,2019-20
203897,1194.0,2019-20
203901,440.0,2019-20
203903,965.0,2019-20
203914,609.0,2019-20
203915,1020.0,2019-20
203918,172.0,2019-20
203920,157.0,2019-20
203922,589.0,2019-20
203924,808.0,2019-20
203925,804.0,2019-20
203926,560.0,2019-20
203932,766.0,2019-20
203933,1061.0,2019-20
203935,880.0,2019-20
203937,331.0,2019-20
203939,225.0,2019-20
203943,93.0,2019-20
203944,1003.0,2019-20
203952,965.0,2019-20
203953,429.0,2019-20
203954,875.0,2019-20
203957,119.0,2019-20
203960,130.0,2019-20
203967,519.0,2019-20
203991,388.0,2019-20
203992,756.0,2019-20
203994,166.0,2019-20
203998,91.0,2019-20
203999,1409.0,2019-20
204001,925.0,2019-20
204020,291.0,2019-20
204025,92.0,2019-20
204038,538.0,2019-20
204060,607.0,2019-20
204456,418.0,2019-20
1626143,162.0,2019-20
1626144,339.0,2019-20
1626145,425.0,2019-20
1626147,50.0,2019-20
1626149,894.0,2019-20
1626153,416.0,2019-20
1626156,845.0,2019-20
1626157,622.0,2019-20
1626158,338.0,2019-20
1626159,129.0,2019-20
1626161,301.0,2019-20
1626162,807.0,2019-20
1626163,288.0,2019-20
1626164,1281.0,2019-20
1626166,68.0,2019-20
1626167,628.0,2019-20
1626168,337.0,2019-20
1626169,70.0,2019-20
1626170,27.0,2019-20
1626171,587.0,2019-20
1626172,78.0,2019-20
1626174,499.0,2019-20
1626178,336.0,2019-20
1626179,928.0,2019-20
1626181,677.0,2019-20
1626184,4.0,2019-20
1626187,33.0,2019-20
1626188,225.0,2019-20
1626192,334.0,2019-20
1626195,137.0,2019-20
1626196,702.0,2019-20
1626203,243.0,2019-20
1626204,429.0,2019-20
1626209,238.0,2019-20
1626220,397.0,2019-20
1626224,607.0,2019-20
1626245,52.0,2019-20
1626246,238.0,2019-20
1626259,32.0,2019-20
1627732,647.0,2019-20
1627733,84.0,2019-20
1627734,843.0,2019-20
1627736,531.0,2019-20
1627737,383.0,2019-20
1627739,342.0,2019-20
1627740,7.0,2019-20
1627741,1151.0,2019-20
1627742,1068.0,2019-20
1627745,178.0,2019-20
1627746,147.0,2019-20
1627747,805.0,2019-20
1627748,191.0,2019-20
1627749,625.0,2019-20
1627750,1260.0,2019-20
1627751,264.0,2019-20
1627752,738.0,2019-20
1627756,237.0,2019-20
1627759,1174.0,2019-20
1627761,228.0,2019-20
1627763,808.0,2019-20
1627767,141.0,2019-20
1627774,179.0,2019-20
1627775,157.0,2019-20
1627777,366.0,2019-20
1627780,116.0,2019-20
1627783,1266.0,2019-20
1627784,18.0,2019-20
1627788,570.0,2019-20
1627789,328.0,2019-20
1627790,72.0,2019-20
1627812,188.0,2019-20
1627814,508.0,2019-20
1627820,44.0,2019-20
1627823,244.0,2019-20
1627826,463.0,2019-20
1627827,566.0,2019-20
1627832,963.0,2019-20
1627846,270.0,2019-20
1627853,220.0,2019-20
1627854,573.0,2019-20
1627863,621.0,2019-20
1627884,356.0,2019-20
1627885,159.0,2019-20
1627936,404.0,2019-20
1627982,2.0,2019-20
1628021,71.0,2019-20
1628035,171.0,2019-20
1628365,830.0,2019-20
1628366,666.0,2019-20
1628367,157.0,2019-20
1628368,799.0,2019-20
1628369,1560.0,2019-20
1628370,470.0,2019-20
1628371,332.0,2019-20
1628372,211.0,2019-20
1628373,333.0,2019-20
1628374,591.0,2019-20
1628378,1499.0,2019-20
1628379,329.0,2019-20
1628380,68.0,2019-20
1628381,604.0,2019-20
1628382,341.0,2019-20
1628383,10.0,2019-20
1628384,644.0,2019-20
1628385,247.0,2019-20
1628386,486.0,2019-20
1628388,86.0,2019-20
1628389,987.0,2019-20
1628390,231.0,2019-20
1628391,132.0,2019-20
1628392,67.0,2019-20
1628394,113.0,2019-20
1628395,67.0,2019-20
1628396,197.0,2019-20
1628398,845.0,2019-20
1628400,224.0,2019-20
1628401,546.0,2019-20
1628402,322.0,2019-20
1628403,47.0,2019-20
1628404,524.0,2019-20
1628405,15.0,2019-20
1628407,244.0,2019-20
1628408,190.0,2019-20
1628410,148.0,2019-20
1628411,252.0,2019-20
1628412,50.0,2019-20
1628413,11.0,2019-20
1628414,11.0,2019-20
1628415,1066.0,2019-20
1628418,416.0,2019-20
1628420,699.0,2019-20
1628422,290.0,2019-20
1628425,257.0,2019-20
1628427,14.0,2019-20
1628430,16.0,2019-20
1628436,186.0,2019-20
1628443,44.0,2019-20
1628449,309.0,2019-20
1628450,3.0,2019-20
1628464,539.0,2019-20
1628467,541.0,2019-20
1628470,347.0,2019-20
1628476,39.0,2019-20
1628499,19.0,2019-20
1628513,17.0,2019-20
1628518,14.0,2019-20
1628539,67.0,2019-20
1628605,9.0,2019-20
1628778,28.0,2019-20
1628960,251.0,2019-20
1628961,3.0,2019-20
1628963,167.0,2019-20
1628964,283.0,2019-20
1628966,239.0,2019-20
1628968,10.0,2019-20
1628969,481.0,2019-20
1628970,744.0,2019-20
1628971,437.0,2019-20
1628972,619.0,2019-20
1628973,382.0,2019-20
1628975,241.0,2019-20
1628976,340.0,2019-20
1628977,307.0,2019-20
1628978,557.0,2019-20
1628980,134.0,2019-20
1628981,199.0,2019-20
1628982,34.0,2019-20
1628983,1102.0,2019-20
1628984,949.0,2019-20
1628985,30.0,2019-20
1628987,27.0,2019-20
1628988,583.0,2019-20
1628989,609.0,2019-20
1628990,171.0,2019-20
1628991,753.0,2019-20
1628993,29.0,2019-20
1628995,399.0,2019-20
1628997,83.0,2019-20
1628998,206.0,2019-20
1629001,398.0,2019-20
1629002,41.0,2019-20
1629003,320.0,2019-20
1629004,404.0,2019-20
1629005,2.0,2019-20
1629006,396.0,2019-20
1629008,545.0,2019-20
1629010,307.0,2019-20
1629011,341.0,2019-20
1629012,1085.0,2019-20
1629013,449.0,2019-20
1629014,561.0,2019-20
1629015,11.0,2019-20
1629016,295.0,2019-20
1629017,17.0,2019-20
1629018,475.0,2019-20
1629019,106.0,2019-20
1629020,8.0,2019-20
1629021,265.0,2019-20
1629022,349.0,2019-20
1629023,581.0,2019-20
1629026,147.0,2019-20
1629027,1248.0,2019-20
1629028,558.0,2019-20
1629029,1338.0,2019-20
1629033,155.0,2019-20
1629035,128.0,2019-20
1629044,5.0,2019-20
1629048,150.0,2019-20
1629052,36.0,2019-20
1629056,458.0,2019-20
1629057,119.0,2019-20
1629058,183.0,2019-20
1629059,175.0,2019-20
1629060,543.0,2019-20
1629065,319.0,2019-20
1629066,197.0,2019-20
1629067,234.0,2019-20
1629076,12.0,2019-20
1629103,181.0,2019-20
1629109,166.0,2019-20
1629117,60.0,2019-20
1629121,9.0,2019-20
1629126,125.0,2019-20
1629130,844.0,2019-20
1629133,3.0,2019-20
1629134,980.0,2019-20
1629139,33.0,2019-20
1629140,34.0,2019-20
1629147,7.0,2019-20
1629151,59.0,2019-20
1629162,176.0,2019-20
1629164,190.0,2019-20
1629168,34.0,2019-20
1629185,164.0,2019-20
1629216,37.0,2019-20
1629234,67.0,2019-20
1629308,58.0,2019-20
1629346,40.0,2019-20
1629597,9.0,2019-20
1629598,147.0,2019-20
1629599,57.0,2019-20
1629605,15.0,2019-20
1629607,4.0,2019-20
1629608,14.0,2019-20
1629610,40.0,2019-20
1629611,84.0,2019-20
1629620,12.0,2019-20
1629621,12.0,2019-20
1629622,3.0,2019-20
1629625,20.0,2019-20
1629626,37.0,2019-20
1629627,333.0,2019-20
1629628,724.0,2019-20
1629629,552.0,2019-20
1629630,935.0,2019-20
1629631,682.0,2019-20
1629632,790.0,2019-20
1629633,569.0,2019-20
1629634,477.0,2019-20
1629635,236.0,2019-20
1629636,698.0,2019-20
1629637,259.0,2019-20
1629638,266.0,2019-20
1629639,905.0,2019-20
1629640,89.0,2019-20
1629641,90.0,2019-20
1629642,151.0,2019-20
1629644,5.0,2019-20
1629645,414.0,2019-20
1629647,348.0,2019-20
1629648,20.0,2019-20
1629649,22.0,2019-20
1629650,10.0,2019-20
1629651,48.0,2019-20
1629652,295.0,2019-20
1629655,130.0,2019-20
1629657,5.0,2019-20
1629658,44.0,2019-20
1629659,42.0,2019-20
1629660,112.0,2019-20
1629661,398.0,2019-20
1629662,32.0,2019-20
1629663,21.0,2019-20
1629665,10.0,2019-20
1629667,70.0,2019-20
1629668,12.0,2019-20
1629669,53.0,2019-20
1629671,38.0,2019-20
1629672,632.0,2019-20
1629673,498.0,2019-20
1629675,240.0,2019-20
1629676,1.0,2019-20
1629677,16.0,2019-20
1629678,91.0,2019-20
1629680,271.0,2019-20
1629682,50.0,2019-20
1629683,17.0,2019-20
1629684,237.0,2019-20
1629690,28.0,2019-20
1629713,84.0,2019-20
1629714,33.0,2019-20
1629718,19.0,2019-20
1629719,6.0,2019-20
1629723,35.0,2019-20
1629724,19.0,2019-20
1629725,67.0,2019-20
1629726,56.0,2019-20
1629729,12.0,2019-20
1629730,48.0,2019-20
1629731,12.0,2019-20
1629734,2.0,2019-20
1629735,72.0,2019-20
1629738,36.0,2019-20
1629739,4.0,2019-20
1629740,314.0,2019-20
1629741,157.0,2019-20
1629742,3.0,2019-20
1629743,27.0,2019-20
1629744,168.0,2019-20
1629745,5.0,2019-20
1629750,128.0,2019-20
1629752,38.0,2019-20
1629760,4.0,2019-20
2544,910.0,2020-21
2546,837.0,2020-21
2617,2.0,2020-21
2730,333.0,2020-21
2738,260.0,2020-21
2760,16.0,2020-21
2772,264.0,2020-21
101108,1170.0,2020-21
101141,56.0,2020-21
101150,757.0,2020-21
200746,296.0,2020-21
200752,628.0,2020-21
200755,267.0,2020-21
200765,268.0,2020-21
200768,596.0,2020-21
200782,271.0,2020-21
200794,446.0,2020-21
201142,885.0,2020-21
201143,360.0,2020-21
201144,706.0,2020-21
201145,563.0,2020-21
201152,663.0,2020-21
201162,9.0,2020-21
201188,206.0,2020-21
201229,17.0,2020-21
201565,688.0,2020-21
201566,1322.0,2020-21
201567,252.0,2020-21
201568,646.0,2020-21
201569,357.0,2020-21
201571,343.0,2020-21
201572,857.0,2020-21
201577,449.0,2020-21
201580,286.0,2020-21
201586,362.0,2020-21
201587,521.0,2020-21
201588,240.0,2020-21
201599,249.0,2020-21
201609,608.0,2020-21
201933,485.0,2020-21
201935,843.0,2020-21
201937,498.0,2020-21
201939,1357.0,2020-21
201942,917.0,2020-21
201949,327.0,2020-21
201950,1213.0,2020-21
201952,314.0,2020-21
201959,178.0,2020-21
201961,330.0,2020-21
201976,284.0,2020-21
201980,593.0,2020-21
201988,612.0,2020-21
202066,381.0,2020-21
202083,282.0,2020-21
202322,725.0,2020-21
202324,266.0,2020-21
202326,334.0,2020-21
202329,99.0,2020-21
202330,658.0,2020-21
202331,1327.0,2020-21
202334,44.0,2020-21
202335,159.0,2020-21
202339,730.0,2020-21
202340,171.0,2020-21
202355,224.0,2020-21
202357,207.0,2020-21
202397,340.0,2020-21
202681,1249.0,2020-21
202683,569.0,2020-21
202684,360.0,2020-21
202685,800.0,2020-21
202687,242.0,2020-21
202689,717.0,2020-21
202692,550.0,2020-21
202693,385.0,2020-21
202694,784.0,2020-21
202695,1120.0,2020-21
202696,1397.0,2020-21
202697,4.0,2020-21
202699,1139.0,2020-21
202704,832.0,2020-21
202709,426.0,2020-21
202710,801.0,2020-21
202711,1059.0,2020-21
202722,505.0,2020-21
202734,139.0,2020-21
202738,27.0,2020-21
202954,295.0,2020-21
203076,659.0,2020-21
203078,1505.0,2020-21
203081,1468.0,2020-21
203082,616.0,2020-21
203083,584.0,2020-21
203084,642.0,2020-21
203085,314.0,2020-21
203086,7.0,2020-21
203087,276.0,2020-21
203090,165.0,2020-21
203095,604.0,2020-21
203107,327.0,2020-21
203109,673.0,2020-21
203110,380.0,2020-21
203114,1526.0,2020-21
203115,647.0,2020-21
203118,220.0,2020-21
203121,48.0,2020-21
203145,389.0,2020-21
203200,624.0,2020-21
203210,417.0,2020-21
203263,13.0,2020-21
203382,303.0,2020-21
203457,234.0,2020-21
203458,292.0,2020-21
203460,14.0,2020-21
203463,365.0,2020-21
203468,998.0,2020-21
203469,324.0,2020-21
203471,821.0,2020-21
203473,83.0,2020-21
203476,162.0,2020-21
203482,696.0,2020-21
203484,523.0,2020-21
203486,379.0,2020-21
203487,270.0,2020-21
203488,267.0,2020-21
203490,227.0,2020-21
203493,596.0,2020-21
203496,545.0,2020-21
203497,659.0,2020-21
203500,307.0,2020-21
203501,1010.0,2020-21
203503,186.0,2020-21
203504,360.0,2020-21
203506,564.0,2020-21
203507,1539.0,2020-21
203516,243.0,2020-21
203521,56.0,2020-21
203524,321.0,2020-21
203526,481.0,2020-21
203552,699.0,2020-21
203585,70.0,2020-21
203648,144.0,2020-21
203658,15.0,2020-21
203897,1123.0,2020-21
203901,620.0,2020-21
203903,1237.0,2020-21
203914,337.0,2020-21
203915,16.0,2020-21
203918,260.0,2020-21
203920,380.0,2020-21
203922,99.0,2020-21
203924,922.0,2020-21
203925,829.0,2020-21
203926,665.0,2020-21
203932,598.0,2020-21
203933,51.0,2020-21
203935,576.0,2020-21
203937,700.0,2020-21
203939,201.0,2020-21
203943,3.0,2020-21
203944,1413.0,2020-21
203952,1050.0,2020-21
203953,76.0,2020-21
203954,1097.0,2020-21
203957,26.0,2020-21
203960,113.0,2020-21
203967,387.0,2020-21
203991,831.0,2020-21
203992,814.0,2020-21
203994,388.0,2020-21
203998,17.0,2020-21
203999,1503.0,2020-21
204001,755.0,2020-21
204020,200.0,2020-21
204025,20.0,2020-21
204038,154.0,2020-21
204060,641.0,2020-21
204222,3.0,2020-21
204456,490.0,2020-21
1626143,101.0,2020-21
1626145,430.0,2020-21
1626149,608.0,2020-21
1626153,507.0,2020-21
1626156,652.0,2020-21
1626157,875.0,2020-21
1626158,575.0,2020-21
1626159,210.0,2020-21
1626161,191.0,2020-21
1626162,718.0,2020-21
1626163,275.0,2020-21
1626164,1747.0,2020-21
1626166,587.0,2020-21
1626167,432.0,2020-21
1626168,90.0,2020-21
1626169,232.0,2020-21
1626171,750.0,2020-21
1626172,196.0,2020-21
1626174,640.0,2020-21
1626178,23.0,2020-21
1626179,1132.0,2020-21
1626181,994.0,2020-21
1626184,237.0,2020-21
1626188,68.0,2020-21
1626192,506.0,2020-21
1626195,267.0,2020-21
1626196,646.0,2020-21
1626204,272.0,2020-21
1626220,479.0,2020-21
1626224,575.0,2020-21
1626245,13.0,2020-21
1626246,161.0,2020-21
1626253,15.0,2020-21
1627732,678.0,2020-21
1627734,904.0,2020-21
1627736,600.0,2020-21
1627737,14.0,2020-21
1627739,17.0,2020-21
1627740,14.0,2020-21
1627741,992.0,2020-21
1627742,1100.0,2020-21
1627745,103.0,2020-21
1627747,814.0,2020-21
1627748,18.0,2020-21
1627749,973.0,2020-21
1627750,785.0,2020-21
1627751,431.0,2020-21
1627752,321.0,2020-21
1627756,416.0,2020-21
1627759,1110.0,2020-21
1627761,228.0,2020-21
1627763,979.0,2020-21
1627774,184.0,2020-21
1627775,1.0,2020-21
1627777,443.0,2020-21
1627780,13.0,2020-21
1627783,961.0,2020-21
1627788,497.0,2020-21
1627789,366.0,2020-21
1627812,58.0,2020-21
1627814,273.0,2020-21
1627823,298.0,2020-21
1627826,451.0,2020-21
1627827,529.0,2020-21
1627832,870.0,2020-21
1627846,119.0,2020-21
1627853,117.0,2020-21
1627854,641.0,2020-21
1627863,272.0,2020-21
1627884,309.0,2020-21
1627885,79.0,2020-21
1627936,337.0,2020-21
1628021,208.0,2020-21
1628035,96.0,2020-21
1628365,104.0,2020-21
1628366,698.0,2020-21
1628367,702.0,2020-21
1628368,1110.0,2020-21
1628369,1430.0,2020-21
1628370,399.0,2020-21
1628372,145.0,2020-21
1628373,80.0,2020-21
1628374,520.0,2020-21
1628378,1325.0,2020-21
1628379,472.0,2020-21
1628381,953.0,2020-21
1628382,226.0,2020-21
1628383,70.0,2020-21
1628384,518.0,2020-21
1628385,98.0,2020-21
1628386,479.0,2020-21
1628388,14.0,2020-21
1628389,856.0,2020-21
1628390,7.0,2020-21
1628391,168.0,2020-21
1628392,171.0,2020-21
1628394,1.0,2020-21
1628395,22.0,2020-21
1628396,194.0,2020-21
1628398,800.0,2020-21
1628400,225.0,2020-21
1628401,452.0,2020-21
1628402,293.0,2020-21
1628404,344.0,2020-21
1628407,724.0,2020-21
1628408,351.0,2020-21
1628410,283.0,2020-21
1628411,102.0,2020-21
1628412,24.0,2020-21
1628414,45.0,2020-21
1628415,1128.0,2020-21
1628418,91.0,2020-21
1628419,33.0,2020-21
1628420,498.0,2020-21
1628422,291.0,2020-21
1628425,329.0,2020-21
1628427,76.0,2020-21
1628436,102.0,2020-21
1628449,560.0,2020-21
1628455,135.0,2020-21
1628464,466.0,2020-21
1628467,305.0,2020-21
1628470,302.0,2020-21
1628539,264.0,2020-21
1628578,8.0,2020-21
1628778,82.0,2020-21
1628960,447.0,2020-21
1628961,10.0,2020-21
1628962,9.0,2020-21
1628963,489.0,2020-21
1628964,301.0,2020-21
1628966,66.0,2020-21
1628968,4.0,2020-21
1628969,847.0,2020-21
1628970,622.0,2020-21
1628971,502.0,2020-21
1628972,144.0,2020-21
1628973,671.0,2020-21
1628975,229.0,2020-21
1628976,457.0,2020-21
1628977,470.0,2020-21
1628978,619.0,2020-21
1628981,47.0,2020-21
1628983,564.0,2020-21
1628984,668.0,2020-21
1628988,437.0,2020-21
1628989,911.0,2020-21
1628990,108.0,2020-21
1628991,179.0,2020-21
1628993,75.0,2020-21
1628995,142.0,2020-21
1628997,256.0,2020-21
1628998,188.0,2020-21
1629001,424.0,2020-21
1629002,179.0,2020-21
1629003,714.0,2020-21
1629004,506.0,2020-21
1629006,254.0,2020-21
1629007,15.0,2020-21
1629008,947.0,2020-21
1629010,95.0,2020-21
1629011,166.0,2020-21
1629012,1088.0,2020-21
1629013,497.0,2020-21
1629014,426.0,2020-21
1629017,66.0,2020-21
1629018,785.0,2020-21
1629020,236.0,2020-21
1629021,229.0,2020-21
1629022,609.0,2020-21
1629023,686.0,2020-21
1629026,411.0,2020-21
1629027,1470.0,2020-21
1629028,914.0,2020-21
1629029,1539.0,2020-21
1629033,9.0,2020-21
1629034,4.0,2020-21
1629035,114.0,2020-21
1629048,194.0,2020-21
1629052,151.0,2020-21
1629056,456.0,2020-21
1629057,272.0,2020-21
1629060,695.0,2020-21
1629066,32.0,2020-21
1629067,86.0,2020-21
1629076,98.0,2020-21
1629091,33.0,2020-21
1629103,138.0,2020-21
1629109,132.0,2020-21
1629117,60.0,2020-21
1629121,8.0,2020-21
1629130,746.0,2020-21
1629134,701.0,2020-21
1629139,180.0,2020-21
1629162,242.0,2020-21
1629164,222.0,2020-21
1629185,96.0,2020-21
1629216,236.0,2020-21
1629234,205.0,2020-21
1629244,18.0,2020-21
1629308,209.0,2020-21
1629346,27.0,2020-21
1629599,107.0,2020-21
1629603,50.0,2020-21
1629604,67.0,2020-21
1629605,29.0,2020-21
1629606,28.0,2020-21
1629607,4.0,2020-21
1629610,120.0,2020-21
1629611,448.0,2020-21
1629617,90.0,2020-21
1629620,21.0,2020-21
1629622,187.0,2020-21
1629626,59.0,2020-21
1629627,1037.0,2020-21
1629628,1116.0,2020-21
1629629,299.0,2020-21
1629630,1070.0,2020-21
1629631,295.0,2020-21
1629632,902.0,2020-21
1629633,168.0,2020-21
1629634,496.0,2020-21
1629635,280.0,2020-21
1629636,792.0,2020-21
1629637,280.0,2020-21
1629638,456.0,2020-21
1629639,737.0,2020-21
1629640,705.0,2020-21
1629641,91.0,2020-21
1629642,171.0,2020-21
1629643,324.0,2020-21
1629644,97.0,2020-21
1629645,367.0,2020-21
1629647,690.0,2020-21
1629648,54.0,2020-21
1629649,83.0,2020-21
1629650,260.0,2020-21
1629651,174.0,2020-21
1629652,638.0,2020-21
1629653,21.0,2020-21
1629655,250.0,2020-21
1629657,88.0,2020-21
1629658,86.0,2020-21
1629659,512.0,2020-21
1629660,287.0,2020-21
1629661,589.0,2020-21
1629662,89.0,2020-21
1629663,34.0,2020-21
1629665,9.0,2020-21
1629667,283.0,2020-21
1629669,335.0,2020-21
1629670,153.0,2020-21
1629671,104.0,2020-21
1629672,292.0,2020-21
1629673,474.0,2020-21
1629675,581.0,2020-21
1629676,424.0,2020-21
1629677,105.0,2020-21
1629680,295.0,2020-21
1629681,57.0,2020-21
1629682,88.0,2020-21
1629683,35.0,2020-21
1629684,261.0,2020-21
1629685,129.0,2020-21
1629686,40.0,2020-21
1629690,19.0,2020-21
1629712,13.0,2020-21
1629713,111.0,2020-21
1629714,53.0,2020-21
1629716,3.0,2020-21
1629717,192.0,2020-21
1629718,39.0,2020-21
1629719,29.0,2020-21
1629723,139.0,2020-21
1629725,33.0,2020-21
1629726,241.0,2020-21
1629730,18.0,2020-21
1629731,311.0,2020-21
1629735,16.0,2020-21
1629738,12.0,2020-21
1629740,145.0,2020-21
1629743,35.0,2020-21
1629744,129.0,2020-21
1629750,102.0,2020-21
1629751,48.0,2020-21
1629752,30.0,2020-21
1629833,22.0,2020-21
1629962,28.0,2020-21
1630162,1209.0,2020-21
1630163,673.0,2020-21
1630164,361.0,2020-21
1630165,198.0,2020-21
1630166,312.0,2020-21
1630167,230.0,2020-21
1630168,180.0,2020-21
1630169,619.0,2020-21
1630170,303.0,2020-21
1630171,550.0,2020-21
1630172,528.0,2020-21
1630173,232.0,2020-21
1630174,196.0,2020-21
1630175,552.0,2020-21
1630176,36.0,2020-21
1630177,612.0,2020-21
1630178,495.0,2020-21
1630179,16.0,2020-21
1630180,688.0,2020-21
1630181,313.0,2020-21
1630182,93.0,2020-21
1630183,367.0,2020-21
1630184,337.0,2020-21
1630185,111.0,2020-21
1630186,38.0,2020-21
1630187,50.0,2020-21
1630188,54.0,2020-21
1630189,22.0,2020-21
1630190,29.0,2020-21
1630191,405.0,2020-21
1630192,112.0,2020-21
1630193,610.0,2020-21
1630194,82.0,2020-21
1630197,400.0,2020-21
1630198,136.0,2020-21
1630199,43.0,2020-21
1630200,78.0,2020-21
1630201,341.0,2020-21
1630202,435.0,2020-21
1630203,12.0,2020-21
1630205,136.0,2020-21
1630206,25.0,2020-21
1630207,42.0,2020-21
1630208,9.0,2020-21
1630210,143.0,2020-21
1630211,13.0,2020-21
1630214,304.0,2020-21
1630216,36.0,2020-21
1630217,518.0,2020-21
1630218,19.0,2020-21
1630219,103.0,2020-21
1630221,93.0,2020-21
1630222,122.0,2020-21
1630223,72.0,2020-21
1630230,208.0,2020-21
1630231,318.0,2020-21
1630233,106.0,2020-21
1630234,13.0,2020-21
1630235,75.0,2020-21
1630237,118.0,2020-21
1630238,3.0,2020-21
1630240,210.0,2020-21
1630241,79.0,2020-21
1630253,33.0,2020-21
1630256,620.0,2020-21
1630264,63.0,2020-21
1630266,1.0,2020-21
1630267,389.0,2020-21
1630268,7.0,2020-21
1630271,108.0,2020-21
1630273,84.0,2020-21
1630466,65.0,2020-21
2207,1.0,2021-22
2544,1221.0,2021-22
2546,723.0,2021-22
2617,31.0,2021-22
2730,219.0,2021-22
2738,127.0,2021-22
2772,99.0,2021-22
101108,877.0,2021-22
101150,320.0,2021-22
200746,459.0,2021-22
200752,379.0,2021-22
200765,177.0,2021-22
200768,713.0,2021-22
200782,537.0,2021-22
200794,114.0,2021-22
201142,1197.0,2021-22
201143,754.0,2021-22
201144,847.0,2021-22
201145,546.0,2021-22
201152,291.0,2021-22
201565,274.0,2021-22
201566,1232.0,2021-22
201567,761.0,2021-22
201568,642.0,2021-22
201569,564.0,2021-22
201571,222.0,2021-22
201572,234.0,2021-22
201577,200.0,2021-22
201580,508.0,2021-22
201586,304.0,2021-22
201587,384.0,2021-22
201588,280.0,2021-22
201599,148.0,2021-22
201609,183.0,2021-22
201933,319.0,2021-22
201935,1150.0,2021-22
201937,411.0,2021-22
201939,1663.0,2021-22
201942,1630.0,2021-22
201949,306.0,2021-22
201950,1189.0,2021-22
201954,7.0,2021-22
201959,163.0,2021-22
201961,237.0,2021-22
201976,485.0,2021-22
201980,409.0,2021-22
201988,811.0,2021-22
202066,289.0,2021-22
202083,284.0,2021-22
202324,182.0,2021-22
202326,353.0,2021-22
202328,62.0,2021-22
202330,600.0,2021-22
202331,637.0,2021-22
202334,16.0,2021-22
202339,454.0,2021-22
202340,350.0,2021-22
202355,342.0,2021-22
202357,370.0,2021-22
202362,323.0,2021-22
202397,421.0,2021-22
202681,679.0,2021-22
202683,97.0,2021-22
202684,269.0,2021-22
202685,999.0,2021-22
202687,160.0,2021-22
202688,25.0,2021-22
202689,370.0,2021-22
202691,934.0,2021-22
202692,718.0,2021-22
202693,115.0,2021-22
202694,674.0,2021-22
202696,1245.0,2021-22
202699,1184.0,2021-22
202704,1206.0,2021-22
202709,400.0,2021-22
202710,1158.0,2021-22
202711,1010.0,2021-22
202722,329.0,2021-22
202738,167.0,2021-22
202954,77.0,2021-22
203076,695.0,2021-22
203078,771.0,2021-22
203081,552.0,2021-22
203082,553.0,2021-22
203083,444.0,2021-22
203084,825.0,2021-22
203085,367.0,2021-22
203087,347.0,2021-22
203090,175.0,2021-22
203095,938.0,2021-22
203107,191.0,2021-22
203109,649.0,2021-22
203110,401.0,2021-22
203114,1046.0,2021-22
203115,961.0,2021-22
203145,139.0,2021-22
203200,662.0,2021-22
203210,344.0,2021-22
203457,60.0,2021-22
203458,176.0,2021-22
203463,539.0,2021-22
203468,1289.0,2021-22
203469,90.0,2021-22
203471,711.0,2021-22
203473,335.0,2021-22
203476,114.0,2021-22
203482,286.0,2021-22
203484,830.0,2021-22
203486,318.0,2021-22
203488,248.0,2021-22
203490,488.0,2021-22
203493,652.0,2021-22
203496,499.0,2021-22
203497,541.0,2021-22
203500,402.0,2021-22
203501,530.0,2021-22
203503,171.0,2021-22
203504,237.0,2021-22
203506,209.0,2021-22
203507,1529.0,2021-22
203516,24.0,2021-22
203524,20.0,2021-22
203526,441.0,2021-22
203552,778.0,2021-22
203585,218.0,2021-22
203648,131.0,2021-22
203658,5.0,2021-22
203816,4.0,2021-22
203897,1248.0,2021-22
203901,171.0,2021-22
203903,1186.0,2021-22
203914,553.0,2021-22
203915,926.0,2021-22
203917,26.0,2021-22
203918,157.0,2021-22
203920,216.0,2021-22
203924,699.0,2021-22
203925,124.0,2021-22
203926,464.0,2021-22
203932,888.0,2021-22
203935,984.0,2021-22
203937,520.0,2021-22
203939,437.0,2021-22
203944,1225.0,2021-22
203952,1307.0,2021-22
203953,38.0,2021-22
203954,1495.0,2021-22
203991,609.0,2021-22
203992,843.0,2021-22
203994,601.0,2021-22
203999,1417.0,2021-22
204001,767.0,2021-22
204020,20.0,2021-22
204025,45.0,2021-22
204038,26.0,2021-22
204060,285.0,2021-22
204456,208.0,2021-22
1626144,2.0,2021-22
1626145,644.0,2021-22
1626147,95.0,2021-22
1626149,556.0,2021-22
1626153,298.0,2021-22
1626156,1047.0,2021-22
1626157,1292.0,2021-22
1626158,289.0,2021-22
1626159,256.0,2021-22
1626161,35.0,2021-22
1626162,923.0,2021-22
1626163,65.0,2021-22
1626164,1574.0,2021-22
1626166,652.0,2021-22
1626167,394.0,2021-22
1626168,554.0,2021-22
1626169,251.0,2021-22
1626171,985.0,2021-22
1626172,445.0,2021-22
1626174,879.0,2021-22
1626179,1154.0,2021-22
1626181,605.0,2021-22
1626192,584.0,2021-22
1626195,330.0,2021-22
1626196,527.0,2021-22
1626204,286.0,2021-22
1626208,190.0,2021-22
1626220,479.0,2021-22
1626224,573.0,2021-22
1626246,74.0,2021-22
1627734,775.0,2021-22
1627736,894.0,2021-22
1627737,142.0,2021-22
1627739,102.0,2021-22
1627741,1079.0,2021-22
1627742,1080.0,2021-22
1627745,266.0,2021-22
1627747,854.0,2021-22
1627749,1241.0,2021-22
1627751,663.0,2021-22
1627752,418.0,2021-22
1627756,66.0,2021-22
1627759,1622.0,2021-22
1627760,4.0,2021-22
1627761,222.0,2021-22
1627763,543.0,2021-22
1627767,8.0,2021-22
1627774,73.0,2021-22
1627777,611.0,2021-22
1627780,385.0,2021-22
1627782,4.0,2021-22
1627783,1314.0,2021-22
1627788,493.0,2021-22
1627789,190.0,2021-22
1627814,407.0,2021-22
1627820,20.0,2021-22
1627822,15.0,2021-22
1627823,124.0,2021-22
1627826,495.0,2021-22
1627827,849.0,2021-22
1627832,1151.0,2021-22
1627846,35.0,2021-22
1627853,12.0,2021-22
1627854,553.0,2021-22
1627863,220.0,2021-22
1627884,212.0,2021-22
1627885,6.0,2021-22
1627936,280.0,2021-22
1628021,176.0,2021-22
1628035,61.0,2021-22
1628221,7.0,2021-22
1628238,4.0,2021-22
1628365,175.0,2021-22
1628366,383.0,2021-22
1628367,289.0,2021-22
1628368,1077.0,2021-22
1628369,2015.0,2021-22
1628370,825.0,2021-22
1628372,189.0,2021-22
1628373,247.0,2021-22
1628374,702.0,2021-22
1628378,1510.0,2021-22
1628379,639.0,2021-22
1628380,155.0,2021-22
1628381,682.0,2021-22
1628382,10.0,2021-22
1628384,780.0,2021-22
1628386,543.0,2021-22
1628389,904.0,2021-22
1628391,15.0,2021-22
1628392,366.0,2021-22
1628396,128.0,2021-22
1628398,936.0,2021-22
1628400,99.0,2021-22
1628401,976.0,2021-22
1628402,483.0,2021-22
1628404,559.0,2021-22
1628408,99.0,2021-22
1628411,18.0,2021-22
1628415,681.0,2021-22
1628418,148.0,2021-22
1628419,15.0,2021-22
1628420,824.0,2021-22
1628422,4.0,2021-22
1628425,165.0,2021-22
1628427,44.0,2021-22
1628432,161.0,2021-22
1628436,31.0,2021-22
1628449,617.0,2021-22
1628464,342.0,2021-22
1628467,460.0,2021-22
1628470,462.0,2021-22
1628476,26.0,2021-22
1628537,6.0,2021-22
1628539,77.0,2021-22
1628591,4.0,2021-22
1628778,35.0,2021-22
1628960,651.0,2021-22
1628962,49.0,2021-22
1628963,446.0,2021-22
1628964,618.0,2021-22
1628966,263.0,2021-22
1628969,983.0,2021-22
1628970,1198.0,2021-22
1628971,543.0,2021-22
1628972,275.0,2021-22
1628973,1319.0,2021-22
1628975,272.0,2021-22
1628976,682.0,2021-22
1628977,514.0,2021-22
1628978,336.0,2021-22
1628981,55.0,2021-22
1628982,48.0,2021-22
1628983,1050.0,2021-22
1628984,819.0,2021-22
1628988,352.0,2021-22
1628989,807.0,2021-22
1628990,2.0,2021-22
1628991,1179.0,2021-22
1628993,38.0,2021-22
1628994,5.0,2021-22
1628995,96.0,2021-22
1628997,490.0,2021-22
1628998,418.0,2021-22
1629001,753.0,2021-22
1629002,448.0,2021-22
1629003,441.0,2021-22
1629004,236.0,2021-22
1629005,5.0,2021-22
1629006,104.0,2021-22
1629008,103.0,2021-22
1629011,340.0,2021-22
1629012,148.0,2021-22
1629013,533.0,2021-22
1629014,796.0,2021-22
1629018,1168.0,2021-22
1629020,388.0,2021-22
1629021,396.0,2021-22
1629022,764.0,2021-22
1629023,534.0,2021-22
1629026,317.0,2021-22
1629027,1613.0,2021-22
1629028,857.0,2021-22
1629029,1755.0,2021-22
1629033,39.0,2021-22
1629035,30.0,2021-22
1629048,252.0,2021-22
1629052,506.0,2021-22
1629056,258.0,2021-22
1629057,443.0,2021-22
1629060,379.0,2021-22
1629067,13.0,2021-22
1629076,38.0,2021-22
1629083,1.0,2021-22
1629103,171.0,2021-22
1629109,84.0,2021-22
1629111,204.0,2021-22
1629117,108.0,2021-22
1629130,783.0,2021-22
1629139,144.0,2021-22
1629150,5.0,2021-22
1629162,217.0,2021-22
1629164,154.0,2021-22
1629168,25.0,2021-22
1629185,79.0,2021-22
1629203,3.0,2021-22
1629216,644.0,2021-22
1629234,372.0,2021-22
1629308,245.0,2021-22
1629309,1.0,2021-22
1629312,53.0,2021-22
1629597,3.0,2021-22
1629599,458.0,2021-22
1629600,2.0,2021-22
1629603,47.0,2021-22
1629604,308.0,2021-22
1629605,12.0,2021-22
1629607,26.0,2021-22
1629610,1.0,2021-22
1629611,684.0,2021-22
1629617,79.0,2021-22
1629619,17.0,2021-22
1629620,91.0,2021-22
1629622,746.0,2021-22
1629623,61.0,2021-22
1629626,27.0,2021-22
1629628,1178.0,2021-22
1629629,408.0,2021-22
1629630,1342.0,2021-22
1629631,645.0,2021-22
1629632,689.0,2021-22
1629633,142.0,2021-22
1629634,529.0,2021-22
1629635,8.0,2021-22
1629636,1172.0,2021-22
1629637,422.0,2021-22
1629638,672.0,2021-22
1629639,1303.0,2021-22
1629640,1010.0,2021-22
1629641,191.0,2021-22
1629642,315.0,2021-22
1629643,576.0,2021-22
1629644,69.0,2021-22
1629645,808.0,2021-22
1629646,49.0,2021-22
1629647,647.0,2021-22
1629649,188.0,2021-22
1629650,108.0,2021-22
1629651,288.0,2021-22
1629652,726.0,2021-22
1629653,23.0,2021-22
1629655,410.0,2021-22
1629656,234.0,2021-22
1629657,65.0,2021-22
1629658,90.0,2021-22
1629659,538.0,2021-22
1629660,328.0,2021-22
1629661,692.0,2021-22
1629663,47.0,2021-22
1629667,249.0,2021-22
1629669,423.0,2021-22
1629670,471.0,2021-22
1629671,9.0,2021-22
1629672,241.0,2021-22
1629673,1298.0,2021-22
1629674,38.0,2021-22
1629675,494.0,2021-22
1629676,323.0,2021-22
1629678,129.0,2021-22
1629680,324.0,2021-22
1629681,121.0,2021-22
1629682,14.0,2021-22
1629683,21.0,2021-22
1629684,579.0,2021-22
1629685,98.0,2021-22
1629686,10.0,2021-22
1629712,33.0,2021-22
1629717,293.0,2021-22
1629718,39.0,2021-22
1629719,31.0,2021-22
1629723,273.0,2021-22
1629726,461.0,2021-22
1629730,12.0,2021-22
1629731,217.0,2021-22
1629735,15.0,2021-22
1629744,134.0,2021-22
1629750,342.0,2021-22
1629751,4.0,2021-22
1629752,4.0,2021-22
1629755,38.0,2021-22
1629760,1.0,2021-22
1629783,4.0,2021-22
1629833,111.0,2021-22
1629873,3.0,2021-22
1629875,51.0,2021-22
1629958,1.0,2021-22
1629962,44.0,2021-22
1630162,1354.0,2021-22
1630163,1240.0,2021-22
1630165,449.0,2021-22
1630166,579.0,2021-22
1630167,472.0,2021-22
1630168,242.0,2021-22
1630169,898.0,2021-22
1630170,764.0,2021-22
1630171,431.0,2021-22
1630172,149.0,2021-22
1630173,655.0,2021-22
1630174,199.0,2021-22
1630175,912.0,2021-22
1630176,13.0,2021-22
1630177,317.0,2021-22
1630178,1177.0,2021-22
1630179,1.0,2021-22
1630180,1127.0,2021-22
1630181,457.0,2021-22
1630182,284.0,2021-22
1630183,589.0,2021-22
1630184,146.0,2021-22
1630186,58.0,2021-22
1630187,6.0,2021-22
1630188,333.0,2021-22
1630190,144.0,2021-22
1630191,485.0,2021-22
1630192,187.0,2021-22
1630193,712.0,2021-22
1630194,132.0,2021-22
1630195,54.0,2021-22
1630197,456.0,2021-22
1630198,182.0,2021-22
1630199,46.0,2021-22
1630200,338.0,2021-22
1630201,190.0,2021-22
1630202,475.0,2021-22
1630205,319.0,2021-22
1630206,45.0,2021-22
1630207,1.0,2021-22
1630208,85.0,2021-22
1630209,261.0,2021-22
1630210,101.0,2021-22
1630214,241.0,2021-22
1630215,153.0,2021-22
1630216,11.0,2021-22
1630217,1261.0,2021-22
1630218,16.0,2021-22
1630219,65.0,2021-22
1630222,15.0,2021-22
1630224,954.0,2021-22
1630225,26.0,2021-22
1630227,67.0,2021-22
1630228,506.0,2021-22
1630230,279.0,2021-22
1630231,522.0,2021-22
1630233,88.0,2021-22
1630235,155.0,2021-22
1630237,2.0,2021-22
1630238,23.0,2021-22
1630240,170.0,2021-22
1630241,24.0,2021-22
1630243,33.0,2021-22
1630245,561.0,2021-22
1630249,167.0,2021-22
1630250,15.0,2021-22
1630256,729.0,2021-22
1630257,1.0,2021-22
1630264,109.0,2021-22
1630267,298.0,2021-22
1630270,10.0,2021-22
1630271,18.0,2021-22
1630273,22.0,2021-22
1630285,52.0,2021-22
1630286,6.0,2021-22
1630288,26.0,2021-22
1630296,72.0,2021-22
1630306,4.0,2021-22
1630314,282.0,2021-22
1630322,175.0,2021-22
1630346,5.0,2021-22
1630466,14.0,2021-22
1630492,6.0,2021-22
1630525,1.0,2021-22
1630526,324.0,2021-22
1630527,308.0,2021-22
1630528,500.0,2021-22
1630529,612.0,2021-22
1630530,299.0,2021-22
1630531,7.0,2021-22
1630532,975.0,2021-22
1630533,468.0,2021-22
1630535,189.0,2021-22
1630536,14.0,2021-22
1630537,621.0,2021-22
1630538,607.0,2021-22
1630539,14.0,2021-22
1630540,105.0,2021-22
1630541,205.0,2021-22
1630543,206.0,2021-22
1630544,588.0,2021-22
1630547,138.0,2021-22
1630549,149.0,2021-22
1630550,55.0,2021-22
1630551,67.0,2021-22
1630552,44.0,2021-22
1630553,270.0,2021-22
1630555,6.0,2021-22
1630556,267.0,2021-22
1630557,514.0,2021-22
1630558,833.0,2021-22
1630559,318.0,2021-22
1630560,503.0,2021-22
1630561,108.0,2021-22
1630563,270.0,2021-22
1630565,5.0,2021-22
1630567,974.0,2021-22
1630568,139.0,2021-22
1630570,267.0,2021-22
1630572,115.0,2021-22
1630573,54.0,2021-22
1630578,525.0,2021-22
1630579,54.0,2021-22
1630580,56.0,2021-22
1630581,670.0,2021-22
1630582,16.0,2021-22
1630583,128.0,2021-22
1630585,21.0,2021-22
1630586,44.0,2021-22
1630587,90.0,2021-22
1630589,4.0,2021-22
1630591,547.0,2021-22
1630593,3.0,2021-22
1630595,1012.0,2021-22
1630596,830.0,2021-22
1630598,337.0,2021-22
1630602,32.0,2021-22
1630605,2.0,2021-22
1630606,60.0,2021-22
1630612,18.0,2021-22
1630613,427.0,2021-22
1630624,2.0,2021-22
1630625,204.0,2021-22
1630631,323.0,2021-22
1630637,9.0,2021-22
1630640,4.0,2021-22
1630643,3.0,2021-22
1630644,6.0,2021-22
1630647,5.0,2021-22
1630648,11.0,2021-22
1630678,219.0,2021-22
1630686,67.0,2021-22
1630688,112.0,2021-22
1630691,50.0,2021-22
1630692,3.0,2021-22
1630695,11.0,2021-22
1630698,46.0,2021-22
1630758,20.0,2021-22
1630787,14.0,2021-22
1630792,52.0,2021-22
1630846,101.0,2021-22
1630994,19.0,2021-22
